{"DocumentTypeId":"From.Mega.AccountOpening","FormId":"71cc94b8","FormName":"MegaTemplate","OriginalFileExtension":"PDF","Pages":[{"Page":0,"Size":[0.0,0.0,595.0,842.0],"SkewAngle":0.0,"Evidence":[{"Text":"Personal/Joint","Box":[123.4629,182.5851,88.5875,14.0485]},{"Text":"Account","Box":[124.1014,275.4737,54.0204,13.038]},{"Text":"Opening","Box":[123.2973,331.3951,55.7077,17.1208]},{"Text":"Form","Box":[123.4845,389.719,35.3016,13.4917]},{"Text":"9pen","Box":[254.3066,63.9643,18.7332,7.7071]},{"Text":"account","Box":[253.2865,94.6864,30.2516,7.0038]},{"Text":"in","Box":[252.792,126.3661,7.6925,7.2127]},{"Text":"your","Box":[254.2033,135.7291,18.2508,7.2272]},{"Text":"Bank","Box":[252.252,155.168,20.8934,8.1896]},{"Text":"with","Box":[252.4656,176.5295,17.7732,7.7071]},{"Text":"follow","Box":[252.1704,208.9316,24.2537,8.6744]},{"Text":"details:","Box":[252.3528,244.9341,27.8538,8.2016]},{"Text":"IABIN.","Box":[469.0982,233.0029,37.9345,7.7335]},{"Text":"speommer","Box":[468.0685,277.8859,40.8147,9.8985]},{"Text":"Mobito","Box":[729.3309,42.082,26.8938,7.9592]},{"Text":"No.","Box":[729.0693,69.4439,14.1729,7.9424]}],"Fields":[{"Field":"From.Mega.AccountOpening.TypeofAccount-Savings","Box":[276.3435,129.5565,9.1606,8.5062]},{"Field":"From.Mega.AccountOpening.TypeofAccount-Current","Box":[277.2159,225.5242,8.9424,7.6338]},{"Field":"From.Mega.AccountOpening.Currency-NPR","Box":[302.7346,129.5565,9.3787,8.7243]},{"Field":"From.Mega.AccountOpening.Currency-USD","Box":[302.9527,225.088,9.1606,8.9424]},{"Field":"From.Mega.AccountOpening.NatureofAccount-Single","Box":[330.8706,129.5565,8.9424,8.5062]},{"Field":"From.Mega.AccountOpening.NatureofAccount-Joint","Box":[330.6525,225.3061,9.1606,8.7243]},{"Field":"From.Mega.AccountOpening.NatureofAccount-Minor","Box":[329.7801,322.8006,8.7243,9.1606]},{"Field":"From.Mega.AccountOpening.PurposeofAccount-Remittance","Box":[359.2247,129.3383,9.5968,8.7243]},{"Field":"From.Mega.AccountOpening.PurposeofAccount-Saving","Box":[358.5704,224.4337,9.8149,8.9424]},{"Field":"From.Mega.AccountOpening.PurposeofAccount-Business","Box":[359.0066,322.8006,8.9424,8.2881]}],"Tables":[]},{"Page":1,"Size":[0.0,0.0,595.0,842.0],"SkewAngle":0.0,"Evidence":[{"Text":"Case","Box":[46.79,314.6756,26.7882,10.9331]},{"Text":"ol","Box":[47.6205,342.5294,8.2806,8.7536]},{"Text":"Minor","Box":[45.3595,355.4639,36.8929,12.9925]},{"Text":"Nomnee","Box":[364.2802,329.1965,53.2212,13.9406]},{"Text":"Details","Box":[363.5721,387.5132,45.548,14.075]},{"Text":"Nominee's","Box":[437.8496,42.4133,39.4658,8.2304]},{"Text":"Nante","Box":[437.2807,82.7288,22.6719,8.4753]},{"Text":"Relation","Box":[464.3505,43.0229,32.0326,8.6048]},{"Text":"with","Box":[464.5714,76.1475,17.3844,7.6807]},{"Text":"me","Box":[466.0715,94.6504,11.84,5.9237]},{"Text":"Son/Wite/","Box":[497.3993,43.0037,37.5577,8.924]},{"Text":"Daughter","Box":[497.3633,81.6487,35.8896,9.8601]},{"Text":"(Citizenship/Passport/Others....","Box":[568.6981,105.4679,129.5031,12.366]}],"Fields":[{"Field":"From.Mega.AccountOpening.Nominee'sName","Box":[427.6647,146.7759,309.0928,14.9654]},{"Field":"From.Mega.AccountOpening.Relation","Box":[451.264,147.3515,308.5172,21.2969]},{"Field":"From.Mega.AccountOpening.Nominee's-DOB(AD)","Box":[511.7011,104.7577,158.8633,16.6922]},{"Field":"From.Mega.AccountOpening.Nominee's-DOB(BS)","Box":[529.5445,104.1821,158.8633,17.8433]},{"Field":"From.Mega.AccountOpening.Nominee'sAge","Box":[520.9106,303.3369,39.1402,14.9654]},{"Field":"From.Mega.AccountOpening.Nominee's-CertificateNo","Box":[584.8013,109.3624,77.1293,16.1166]},{"Field":"From.Mega.AccountOpening.Nominee's-IssuingAuthority","Box":[581.9233,264.7722,105.3333,15.541]},{"Field":"From.Mega.AccountOpening.Nominee's-DateofIssue","Box":[590.5572,476.59,103.6065,13.2386]},{"Field":"From.Mega.AccountOpening.Nominee's-PermanentAddress","Box":[606.8388,148.1021,432.9138,22.7849]},{"Field":"From.Mega.AccountOpening.Nominee's-TemporaryAddress","Box":[636.4593,149.6211,431.3948,19.7469]},{"Field":"From.Mega.AccountOpening.Nominee's-ContactAddress","Box":[665.3202,151.1401,428.3568,22.0254]},{"Field":"From.Mega.AccountOpening.Nominee's-E-mail","Box":[696.4596,387.3439,194.4315,16.709]},{"Field":"From.Mega.AccountOpening.Nominee's-MobileNo","Box":[727.599,151.1401,189.8745,19.7469]}],"Tables":[]},{"Page":2,"Size":[0.0,0.0,595.0,842.0],"SkewAngle":0.0,"Evidence":[{"Text":"(néase","Box":[36.3827,290.4555,41.3044,13.5133]},{"Text":"of","Box":[37.5588,332.2207,14.1802,11.7851]},{"Text":"loint","Box":[37.5084,347.8218,27.141,11.3291]},{"Text":"spplicant","Box":[35.0073,379.7391,53.07,15.9351]},{"Text":"Mr./Ms./Minor/Others","Box":[108.4639,60.6449,91.4605,8.5616]},{"Text":"Mr./Ms./Minor/Others","Box":[186.4713,63.1818,89.0604,9.0368]},{"Text":"(Application","Box":[245.3849,291.0604,74.909,14.771]},{"Text":"fot","Box":[246.7962,365.9478,16.1003,11.31]},{"Text":"Debm","Box":[246.7338,386.1092,31.2188,10.6163]},{"Text":"Card)","Box":[245.9514,419.949,33.8639,12.7788]},{"Text":"Card","Box":[269.1928,37.4041,27.6211,11.8091]},{"Text":"Details","Box":[269.8432,66.6861,37.9418,10.8658]},{"Text":"(Application","Box":[557.7218,255.3627,71.7889,14.2861]},{"Text":"for","Box":[559.3683,330.2502,16.818,10.3499]},{"Text":"Mobnle","Box":[558.5762,347.5289,40.3444,11.8308]},{"Text":"Ban","Box":[558.7635,391.6943,26.181,11.3266]},{"Text":"yng.","Box":[560.4005,418.3385,24.4984,10.3641]},{"Text":"Banking)","Box":[557.6402,456.9763,54.9878,14.2574]},{"Text":"Mobile","Box":[587.3718,89.562,27.1362,8.4489]},{"Text":"Banking","Box":[587.5542,117.6439,31.9414,10.1361]},{"Text":"E-Banking","Box":[587.6838,173.0876,40.5796,8.9505]},{"Text":"Preferred","Box":[608.0737,38.2346,44.4221,10.1579]},{"Text":"Service(s)","Box":[607.9922,83.5976,45.6223,10.8802]},{"Text":"Account","Box":[623.1712,58.1823,37.4594,9.9081]},{"Text":"Information","Box":[623.0704,97.545,55.9405,9.9393]},{"Text":"Fund","Box":[618.4404,309.472,22.3383,9.3993]},{"Text":"Transfer","Box":[618.1259,333.4736,40.5795,9.433]},{"Text":"\"Cheque","Box":[683.6642,55.6477,36.9842,12.066]},{"Text":"Book","Box":[683.8586,95.0104,24.0184,9.4017]},{"Text":"Alerts","Box":[679.1589,308.3775,27.3786,9.1689]}],"Fields":[{"Field":"From.Mega.AccountOpening.CardRequest-NPR","Box":[294.0103,164.4538,11.7779,15.7038]},{"Field":"From.Mega.AccountOpening.Service-MobileBanking","Box":[587.129,75.0441,11.5707,9.2565]},{"Field":"From.Mega.AccountOpening.Service-EBanking","Box":[586.7984,157.3612,13.2236,9.5871]},{"Field":"From.Mega.AccountOpening.MobileBanking-MobileNo","Box":[581.1784,267.4479,135.2116,16.8601]},{"Field":"From.Mega.AccountOpening.MobileBanking-Email","Box":[579.1949,437.7021,135.5422,17.8519]},{"Field":"From.Mega.AccountOpening.AccountInfo","Box":[624.4858,40.9932,12.5624,8.9259]},{"Field":"From.Mega.AccountOpening.FundTransfer","Box":[618.8657,290.5892,11.9013,9.2565]},{"Field":"From.Mega.AccountOpening.ChequeBook","Box":[683.9921,40.9932,11.5707,10.2483]},{"Field":"From.Mega.AccountOpening.Alert","Box":[679.3638,290.5892,12.5624,8.9259]}],"Tables":[]},{"Page":3,"Size":[0.0,0.0,595.0,842.0],"SkewAngle":0.0,"Evidence":[{"Text":"Know","Box":[129.7875,150.6101,43.9973,14.6319]},{"Text":"Your","Box":[129.8307,196.2132,36.3144,13.871]},{"Text":"Customer","Box":[129.1899,234.3757,74.4794,15.0302]},{"Text":"Form","Box":[129.2091,310.9409,40.1547,14.3702]},{"Text":"(Individual)","Box":[128.2754,353.659,84.0969,17.9609]},{"Text":"Full","Box":[174.7606,24.8345,15.6419,8.0024]},{"Text":"Name","Box":[174.6358,41.3956,22.8423,8.0408]},{"Text":"Date","Box":[215.3077,25.0481,18.522,8.0167]},{"Text":"Birth","Box":[214.8996,55.0477,20.6846,8.2688]},{"Text":"Moblle","Box":[700.5786,28.5475,26.685,8.5424]},{"Text":"No.","Box":[700.5042,56.1494,13.7217,7.9903]},{"Text":"Incase","Box":[731.3087,29.1884,24.7648,8.2904]},{"Text":"residing","Box":[730.615,63.5083,31.2525,10.0042]},{"Text":"rented","Box":[731.1503,105.2735,25.0049,8.0503]},{"Text":"huuse","Box":[731.0278,130.9552,22.6023,7.7984]},{"Text":"Email","Box":[699.1576,303.3636,23.3224,8.2831]},{"Text":"Address","Box":[757.0631,330.3078,31.0029,8.084]}],"Fields":[{"Field":"From.Mega.AccountOpening.FullName","Box":[170.887,100.2537,463.2937,15.9495]},{"Field":"From.Mega.AccountOpening.Age","Box":[205.0644,283.2927,38.7344,12.9115]},{"Field":"From.Mega.AccountOpening.Gender-Male","Box":[202.7859,413.1669,16.709,15.9495]},{"Field":"From.Mega.AccountOpening.Gender-Female","Box":[195.9505,474.6862,21.2659,25.0634]},{"Field":"From.Mega.AccountOpening.MS-Married","Box":[240.0013,154.1781,22.7849,18.9874]},{"Field":"From.Mega.AccountOpening.MS-Unmarried","Box":[240.7608,270.3813,16.709,15.19]},{"Field":"From.Mega.AccountOpening.CertificateNo","Box":[304.5587,86.5828,76.7093,15.19]},{"Field":"From.Mega.AccountOpening.IssuingAuthority","Box":[302.2802,247.5963,105.5702,14.4305]},{"Field":"From.Mega.AccountOpening.PlaceofIssue","Box":[293.1662,461.7747,103.2917,12.9115]},{"Field":"From.Mega.AccountOpening.DateofIssue","Box":[312.9131,461.0152,104.8107,14.4305]},{"Field":"From.Mega.AccountOpening.PermanentAddress-Province","Box":[436.7113,84.3043,96.4562,17.4685]},{"Field":"From.Mega.AccountOpening.PermanentAddress-District","Box":[436.7113,245.3178,95.6967,15.9495]},{"Field":"From.Mega.AccountOpening.PermanentAddress-Tole","Box":[435.9518,405.5719,161.0136,15.9495]},{"Field":"From.Mega.AccountOpening.PermanentAddress-Municipality","Box":[469.3697,196.71,207.3429,16.709]},{"Field":"From.Mega.AccountOpening.PermanentAddress-Country","Box":[496.7116,236.9634,97.2157,17.4685]},{"Field":"From.Mega.AccountOpening.PresentAddress-Province","Box":[563.5475,84.3043,97.2157,18.228]},{"Field":"From.Mega.AccountOpening.PresentAddress-District","Box":[561.343,244.6371,97.8548,18.5131]},{"Field":"From.Mega.AccountOpening.PresentAddress-Tole","Box":[561.343,405.9653,160.6671,15.8684]},{"Field":"From.Mega.AccountOpening.PresentAddress-Municipality","Box":[595.7244,197.032,205.6274,17.1907]},{"Field":"From.Mega.AccountOpening.PresentAddress-Country","Box":[623.494,236.7029,96.5325,17.1907]},{"Field":"From.Mega.AccountOpening.MobileNo","Box":[687.6286,76.697,161.9894,19.1743]},{"Field":"From.Mega.AccountOpening.Email","Box":[686.3062,344.4755,183.1472,17.8519]}],"Tables":[]},{"Page":4,"Size":[0.0,0.0,595.0,842.0],"SkewAngle":0.0,"Evidence":[{"Text":"(Occupational","Box":[40.6815,132.7193,65.3588,11.9531]},{"Text":"Details)","Box":[40.439,199.4414,35.3544,11.274]},{"Text":"Wame","Box":[71.15,67.3917,24.0568,8.3216]},{"Text":"01","Box":[71.078,92.5934,9.8911,7.7455]},{"Text":"Entie","Box":[70.6747,103.1517,24.0664,9.7593]},{"Text":"Total","Box":[316.0884,127.0981,20.4566,8.5352]},{"Text":"Number","Box":[316.1124,148.462,31.735,8.3697]},{"Text":"Family","Box":[315.6324,190.4624,25.9865,10.2514]},{"Text":"Members:","Box":[315.846,218.5467,38.2129,8.1728]},{"Text":"Grandmotber","Box":[471.5656,67.4037,53.0964,8.2712]},{"Text":"Daughter","Box":[521.8384,67.9774,36.2976,8.6408]},{"Text":"Daughter-in-Lav","Box":[546.3712,67.1805,66.0693,10.2776]},{"Text":"(Incase","Box":[582.8594,68.1406,27.8947,8.1056]},{"Text":"Married","Box":[582.3385,106.3008,32.4549,8.1344]},{"Text":"Woman)","Box":[582.1105,139.663,33.4175,8.6216]},{"Text":"Convicted/Non-Convicted","Box":[711.3748,92.9967,96.7817,9.2817]},{"Text":"for","Box":[712.006,191.4057,11.8112,7.5175]},{"Text":"erime","Box":[711.7493,219.7276,22.1319,7.8271]},{"Text":"blacklisted","Box":[741.8985,71.1144,40.1355,8.1848]},{"Text":"through","Box":[742.1674,113.1196,30.062,9.5601]},{"Text":"Credit","Box":[741.7545,144.3193,25.0145,8.0864]},{"Text":"Information","Box":[741.4401,170.9611,45.8935,8.2232]},{"Text":"Bureau,","Box":[741.7089,218.2467,30.2948,8.3624]},{"Text":"Nepal","Box":[741.3104,249.6864,22.8639,9.7522]}],"Fields":[{"Field":"From.Mega.AccountOpening.ExpectedAnnualTurnover","Box":[202.9827,185.792,123.6409,16.5295]},{"Field":"From.Mega.AccountOpening.EstimatedNoofTransaction","Box":[201.6603,503.159,68.1017,16.5295]},{"Field":"From.Mega.AccountOpening.EQ-Literate","Box":[234.0582,146.7823,21.819,17.8519]},{"Field":"From.Mega.AccountOpening.EQ-SLC","Box":[234.7194,212.9004,21.819,14.546]},{"Field":"From.Mega.AccountOpening.EQ-Graduate","Box":[232.7358,281.6633,23.1413,17.1907]},{"Field":"From.Mega.AccountOpening.EQ-PostGraduate","Box":[232.0747,356.3767,22.4802,17.8519]},{"Field":"From.Mega.AccountOpening.Father","Box":[380.1793,195.7097,150.0882,23.1413]},{"Field":"From.Mega.AccountOpening.Mother","Box":[406.6265,195.0485,151.4105,22.4802]},{"Field":"From.Mega.AccountOpening.Grandfather","Box":[431.0902,196.3709,150.7493,22.4802]},{"Field":"From.Mega.AccountOpening.Grandmother","Box":[455.5539,196.3709,150.0882,23.1413]}],"Tables":[]},{"Page":5,"Size":[0.0,0.0,595.0,842.0],"SkewAngle":0.0,"Evidence":[{"Text":"Profession","Box":[87.4763,30.8589,38.9258,8.3648]},{"Text":"Doctor","Box":[85.7337,239.1857,25.9625,8.0577]},{"Text":"Enginecr","Box":[85.1217,301.5875,34.8551,10.0209]},{"Text":"Expiry","Box":[260.5808,31.5261,29.8148,10.477]},{"Text":"date","Box":[260.9528,62.9682,18.7621,7.7791]},{"Text":"Copy","Box":[432.1395,51.8651,20.9342,10.429]},{"Text":"Citizenship","Box":[431.6186,84.5049,41.818,11.0194]},{"Text":"Certificate","Box":[431.6594,126.2677,37.9681,8.84]},{"Text":"Passport.","Box":[431.4386,173.7909,32.695,10.4914]},{"Text":"Passport","Box":[486.5695,52.8708,30.2924,9.9993]},{"Text":"valid","Box":[486.1398,100.8716,18.7645,8.2592]},{"Text":"for","Box":[486.2262,136.874,11.804,8.2232]},{"Text":"national.","Box":[485.6813,175.7542,31.4877,8.5641]},{"Text":"Copy","Box":[540.6298,52.4315,20.6966,10.669]},{"Text":"Identifieation","Box":[539.8497,83.6312,46.6087,9.1232]},{"Text":"issued","Box":[540.0129,167.6393,23.0848,8.5208]},{"Text":"Nepal","Box":[539.5977,201.9592,22.1367,10.6762]},{"Text":"Government","Box":[539.6024,224.7607,44.211,9.1138]},{"Text":"Rcfugee).","Box":[539.3912,321.0072,34.3727,9.5409]},{"Text":"FATCA","Box":[693.3587,246.4486,41.83,13.1796]},{"Text":"Declaration","Box":[693.7404,288.6938,64.1443,11.8571]},{"Text":"Please","Box":[721.1845,33.2158,29.09,9.2721]},{"Text":"the","Box":[720.426,192.1041,15.169,9.2002]}],"Fields":[],"Tables":[]}]}