{"DataContractVersion":"1.1","DocumentTypes":[{"DocumentTypeId":"From.Mega.AccountOpening","Group":"From","Category":"KYC","Name":"Details","OptionalUniqueIdentifier":null,"TypeField":{"FieldId":"From.Mega.AccountOpening.DocumentType","FieldName":"Document Type"},"Fields":[{"FieldId":"From.Mega.AccountOpening.FullName","FieldName":"Full Name","IsMultiValue":false,"Type":"Name","DeriveFieldsFormat":"","Components":[],"SetValues":[],"Metadata":[{"Key":"RequiresReference","Value":"true"}]},{"FieldId":"From.Mega.AccountOpening.Age","FieldName":"Age","IsMultiValue":false,"Type":"Number","DeriveFieldsFormat":"","Components":[],"SetValues":[],"Metadata":[{"Key":"RequiresReference","Value":"true"}]},{"FieldId":"From.Mega.AccountOpening.Gender-Male","FieldName":"Gender - Male","IsMultiValue":false,"Type":"Boolean","DeriveFieldsFormat":"","Components":[],"SetValues":[],"Metadata":[{"Key":"RequiresReference","Value":"true"}]},{"FieldId":"From.Mega.AccountOpening.Gender-Female","FieldName":"Gender - Female","IsMultiValue":false,"Type":"Boolean","DeriveFieldsFormat":"","Components":[],"SetValues":[],"Metadata":[{"Key":"RequiresReference","Value":"true"}]},{"FieldId":"From.Mega.AccountOpening.MS-Married","FieldName":"MS - Married","IsMultiValue":false,"Type":"Boolean","DeriveFieldsFormat":"","Components":[],"SetValues":[],"Metadata":[{"Key":"RequiresReference","Value":"true"}]},{"FieldId":"From.Mega.AccountOpening.MS-Unmarried","FieldName":"MS - Unmarried","IsMultiValue":false,"Type":"Boolean","DeriveFieldsFormat":"","Components":[],"SetValues":[],"Metadata":[{"Key":"RequiresReference","Value":"true"}]},{"FieldId":"From.Mega.AccountOpening.CertificateNo","FieldName":"Certificate No.","IsMultiValue":false,"Type":"Text","DeriveFieldsFormat":"","Components":[],"SetValues":[],"Metadata":[{"Key":"RequiresReference","Value":"true"}]},{"FieldId":"From.Mega.AccountOpening.IssuingAuthority","FieldName":"Issuing Authority","IsMultiValue":false,"Type":"Text","DeriveFieldsFormat":"","Components":[],"SetValues":[],"Metadata":[{"Key":"RequiresReference","Value":"true"}]},{"FieldId":"From.Mega.AccountOpening.PlaceofIssue","FieldName":"Place of Issue","IsMultiValue":false,"Type":"Text","DeriveFieldsFormat":"","Components":[],"SetValues":[],"Metadata":[{"Key":"RequiresReference","Value":"true"}]},{"FieldId":"From.Mega.AccountOpening.DateofIssue","FieldName":"Date of Issue","IsMultiValue":false,"Type":"Date","DeriveFieldsFormat":"","Components":[],"SetValues":[],"Metadata":[{"Key":"RequiresReference","Value":"true"}]},{"FieldId":"From.Mega.AccountOpening.PermanentAddress-Province","FieldName":"Permanent Address - Province","IsMultiValue":false,"Type":"Text","DeriveFieldsFormat":"","Components":[],"SetValues":[],"Metadata":[{"Key":"RequiresReference","Value":"true"}]},{"FieldId":"From.Mega.AccountOpening.PermanentAddress-District","FieldName":"Permanent Address - District","IsMultiValue":false,"Type":"Text","DeriveFieldsFormat":"","Components":[],"SetValues":[],"Metadata":[{"Key":"RequiresReference","Value":"true"}]},{"FieldId":"From.Mega.AccountOpening.PermanentAddress-Tole","FieldName":"Permanent Address - Tole","IsMultiValue":false,"Type":"Text","DeriveFieldsFormat":"","Components":[],"SetValues":[],"Metadata":[{"Key":"RequiresReference","Value":"true"}]},{"FieldId":"From.Mega.AccountOpening.PermanentAddress-Municipality","FieldName":"Permanent Address - Municipality","IsMultiValue":false,"Type":"Text","DeriveFieldsFormat":"","Components":[],"SetValues":[],"Metadata":[{"Key":"RequiresReference","Value":"true"}]},{"FieldId":"From.Mega.AccountOpening.PermanentAddress-Country","FieldName":"Permanent Address - Country","IsMultiValue":false,"Type":"Text","DeriveFieldsFormat":"","Components":[],"SetValues":[],"Metadata":[{"Key":"RequiresReference","Value":"true"}]},{"FieldId":"From.Mega.AccountOpening.PresentAddress-Province","FieldName":"Present Address - Province","IsMultiValue":false,"Type":"Text","DeriveFieldsFormat":"","Components":[],"SetValues":[],"Metadata":[{"Key":"RequiresReference","Value":"true"}]},{"FieldId":"From.Mega.AccountOpening.PresentAddress-District","FieldName":"Present Address - District","IsMultiValue":false,"Type":"Text","DeriveFieldsFormat":"","Components":[],"SetValues":[],"Metadata":[{"Key":"RequiresReference","Value":"true"}]},{"FieldId":"From.Mega.AccountOpening.PresentAddress-Tole","FieldName":"Present Address - Tole","IsMultiValue":false,"Type":"Text","DeriveFieldsFormat":"","Components":[],"SetValues":[],"Metadata":[{"Key":"RequiresReference","Value":"true"}]},{"FieldId":"From.Mega.AccountOpening.PresentAddress-Municipality","FieldName":"Present Address - Municipality","IsMultiValue":false,"Type":"Text","DeriveFieldsFormat":"","Components":[],"SetValues":[],"Metadata":[{"Key":"RequiresReference","Value":"true"}]},{"FieldId":"From.Mega.AccountOpening.PresentAddress-Country","FieldName":"Present Address - Country","IsMultiValue":false,"Type":"Text","DeriveFieldsFormat":"","Components":[],"SetValues":[],"Metadata":[{"Key":"RequiresReference","Value":"true"}]},{"FieldId":"From.Mega.AccountOpening.MobileNo","FieldName":"Mobile No.","IsMultiValue":false,"Type":"Number","DeriveFieldsFormat":"","Components":[],"SetValues":[],"Metadata":[{"Key":"RequiresReference","Value":"true"}]},{"FieldId":"From.Mega.AccountOpening.Email","FieldName":"Email","IsMultiValue":false,"Type":"Text","DeriveFieldsFormat":"","Components":[],"SetValues":[],"Metadata":[{"Key":"RequiresReference","Value":"true"}]},{"FieldId":"From.Mega.AccountOpening.ExpectedAnnualTurnover","FieldName":"Expected Annual Turnover","IsMultiValue":false,"Type":"Number","DeriveFieldsFormat":"","Components":[],"SetValues":[],"Metadata":[{"Key":"RequiresReference","Value":"true"}]},{"FieldId":"From.Mega.AccountOpening.EstimatedNoofTransaction","FieldName":"Estimated No. of Transaction","IsMultiValue":false,"Type":"Number","DeriveFieldsFormat":"","Components":[],"SetValues":[],"Metadata":[{"Key":"RequiresReference","Value":"true"}]},{"FieldId":"From.Mega.AccountOpening.EQ-Literate","FieldName":"EQ - Literate","IsMultiValue":false,"Type":"Boolean","DeriveFieldsFormat":"","Components":[],"SetValues":[],"Metadata":[{"Key":"RequiresReference","Value":"true"}]},{"FieldId":"From.Mega.AccountOpening.EQ-SLC","FieldName":"EQ - SLC","IsMultiValue":false,"Type":"Boolean","DeriveFieldsFormat":"","Components":[],"SetValues":[],"Metadata":[{"Key":"RequiresReference","Value":"true"}]},{"FieldId":"From.Mega.AccountOpening.EQ-Graduate","FieldName":"EQ - Graduate","IsMultiValue":false,"Type":"Boolean","DeriveFieldsFormat":"","Components":[],"SetValues":[],"Metadata":[{"Key":"RequiresReference","Value":"true"}]},{"FieldId":"From.Mega.AccountOpening.EQ-PostGraduate","FieldName":"EQ - Post Graduate","IsMultiValue":false,"Type":"Boolean","DeriveFieldsFormat":"","Components":[],"SetValues":[],"Metadata":[{"Key":"RequiresReference","Value":"true"}]},{"FieldId":"From.Mega.AccountOpening.Father","FieldName":"Father","IsMultiValue":false,"Type":"Text","DeriveFieldsFormat":"","Components":[],"SetValues":[],"Metadata":[{"Key":"RequiresReference","Value":"true"}]},{"FieldId":"From.Mega.AccountOpening.Mother","FieldName":"Mother","IsMultiValue":false,"Type":"Text","DeriveFieldsFormat":"","Components":[],"SetValues":[],"Metadata":[{"Key":"RequiresReference","Value":"true"}]},{"FieldId":"From.Mega.AccountOpening.Grandfather","FieldName":"Grandfather","IsMultiValue":false,"Type":"Text","DeriveFieldsFormat":"","Components":[],"SetValues":[],"Metadata":[{"Key":"RequiresReference","Value":"true"}]},{"FieldId":"From.Mega.AccountOpening.Grandmother","FieldName":"Grandmother","IsMultiValue":false,"Type":"Text","DeriveFieldsFormat":"","Components":[],"SetValues":[],"Metadata":[{"Key":"RequiresReference","Value":"true"}]},{"FieldId":"From.Mega.AccountOpening.TypeofAccount-Savings","FieldName":"Type of Account - Savings","IsMultiValue":false,"Type":"Boolean","DeriveFieldsFormat":"","Components":[],"SetValues":[],"Metadata":[{"Key":"RequiresReference","Value":"true"}]},{"FieldId":"From.Mega.AccountOpening.TypeofAccount-Current","FieldName":"Type of Account - Current","IsMultiValue":false,"Type":"Boolean","DeriveFieldsFormat":"","Components":[],"SetValues":[],"Metadata":[{"Key":"RequiresReference","Value":"true"}]},{"FieldId":"From.Mega.AccountOpening.Currency-NPR","FieldName":"Currency - NPR","IsMultiValue":false,"Type":"Boolean","DeriveFieldsFormat":"","Components":[],"SetValues":[],"Metadata":[{"Key":"RequiresReference","Value":"true"}]},{"FieldId":"From.Mega.AccountOpening.Currency-USD","FieldName":"Currency - USD","IsMultiValue":false,"Type":"Boolean","DeriveFieldsFormat":"","Components":[],"SetValues":[],"Metadata":[{"Key":"RequiresReference","Value":"true"}]},{"FieldId":"From.Mega.AccountOpening.NatureofAccount-Single","FieldName":"Nature of Account - Single","IsMultiValue":false,"Type":"Boolean","DeriveFieldsFormat":"","Components":[],"SetValues":[],"Metadata":[{"Key":"RequiresReference","Value":"true"}]},{"FieldId":"From.Mega.AccountOpening.NatureofAccount-Joint","FieldName":"Nature of Account - Joint","IsMultiValue":false,"Type":"Boolean","DeriveFieldsFormat":"","Components":[],"SetValues":[],"Metadata":[{"Key":"RequiresReference","Value":"true"}]},{"FieldId":"From.Mega.AccountOpening.NatureofAccount-Minor","FieldName":"Nature of Account - Minor","IsMultiValue":false,"Type":"Boolean","DeriveFieldsFormat":"","Components":[],"SetValues":[],"Metadata":[{"Key":"RequiresReference","Value":"true"}]},{"FieldId":"From.Mega.AccountOpening.PurposeofAccount-Remittance","FieldName":"Purpose of Account - Remittance","IsMultiValue":false,"Type":"Boolean","DeriveFieldsFormat":"","Components":[],"SetValues":[],"Metadata":[{"Key":"RequiresReference","Value":"true"}]},{"FieldId":"From.Mega.AccountOpening.PurposeofAccount-Saving","FieldName":"Purpose of Account - Saving","IsMultiValue":false,"Type":"Boolean","DeriveFieldsFormat":"","Components":[],"SetValues":[],"Metadata":[{"Key":"RequiresReference","Value":"true"}]},{"FieldId":"From.Mega.AccountOpening.PurposeofAccount-Business","FieldName":"Purpose of Account - Business","IsMultiValue":false,"Type":"Boolean","DeriveFieldsFormat":"","Components":[],"SetValues":[],"Metadata":[{"Key":"RequiresReference","Value":"true"}]},{"FieldId":"From.Mega.AccountOpening.Nominee'sName","FieldName":"Nominee's Name","IsMultiValue":false,"Type":"Text","DeriveFieldsFormat":"","Components":[],"SetValues":[],"Metadata":[{"Key":"RequiresReference","Value":"true"}]},{"FieldId":"From.Mega.AccountOpening.Relation","FieldName":"Relation","IsMultiValue":false,"Type":"Text","DeriveFieldsFormat":"","Components":[],"SetValues":[],"Metadata":[{"Key":"RequiresReference","Value":"true"}]},{"FieldId":"From.Mega.AccountOpening.Nominee's-DOB(AD)","FieldName":"Nominee's - DOB(A.D)","IsMultiValue":false,"Type":"Date","DeriveFieldsFormat":"","Components":[],"SetValues":[],"Metadata":[{"Key":"RequiresReference","Value":"true"}]},{"FieldId":"From.Mega.AccountOpening.Nominee's-DOB(BS)","FieldName":"Nominee's - DOB(B.S)","IsMultiValue":false,"Type":"Date","DeriveFieldsFormat":"","Components":[],"SetValues":[],"Metadata":[{"Key":"RequiresReference","Value":"true"}]},{"FieldId":"From.Mega.AccountOpening.Nominee'sAge","FieldName":"Nominee's Age","IsMultiValue":false,"Type":"Number","DeriveFieldsFormat":"","Components":[],"SetValues":[],"Metadata":[{"Key":"RequiresReference","Value":"true"}]},{"FieldId":"From.Mega.AccountOpening.Nominee's-CertificateNo","FieldName":"Nominee's - Certificate No.","IsMultiValue":false,"Type":"Text","DeriveFieldsFormat":"","Components":[],"SetValues":[],"Metadata":[{"Key":"RequiresReference","Value":"true"}]},{"FieldId":"From.Mega.AccountOpening.Nominee's-IssuingAuthority","FieldName":"Nominee's - Issuing Authority","IsMultiValue":false,"Type":"Text","DeriveFieldsFormat":"","Components":[],"SetValues":[],"Metadata":[{"Key":"RequiresReference","Value":"true"}]},{"FieldId":"From.Mega.AccountOpening.Nominee's-DateofIssue","FieldName":"Nominee's - Date of Issue","IsMultiValue":false,"Type":"Date","DeriveFieldsFormat":"","Components":[],"SetValues":[],"Metadata":[{"Key":"RequiresReference","Value":"true"}]},{"FieldId":"From.Mega.AccountOpening.Nominee's-PermanentAddress","FieldName":"Nominee's - Permanent Address","IsMultiValue":false,"Type":"Text","DeriveFieldsFormat":"","Components":[],"SetValues":[],"Metadata":[{"Key":"RequiresReference","Value":"true"}]},{"FieldId":"From.Mega.AccountOpening.Nominee's-TemporaryAddress","FieldName":"Nominee's - Temporary Address","IsMultiValue":false,"Type":"Text","DeriveFieldsFormat":"","Components":[],"SetValues":[],"Metadata":[{"Key":"RequiresReference","Value":"true"}]},{"FieldId":"From.Mega.AccountOpening.Nominee's-ContactAddress","FieldName":"Nominee's - Contact Address","IsMultiValue":false,"Type":"Text","DeriveFieldsFormat":"","Components":[],"SetValues":[],"Metadata":[{"Key":"RequiresReference","Value":"true"}]},{"FieldId":"From.Mega.AccountOpening.Nominee's-E-mail","FieldName":"Nominee's - E-mail","IsMultiValue":false,"Type":"Text","DeriveFieldsFormat":"","Components":[],"SetValues":[],"Metadata":[{"Key":"RequiresReference","Value":"true"}]},{"FieldId":"From.Mega.AccountOpening.Nominee's-MobileNo","FieldName":"Nominee's - Mobile No.","IsMultiValue":false,"Type":"Number","DeriveFieldsFormat":"","Components":[],"SetValues":[],"Metadata":[{"Key":"RequiresReference","Value":"true"}]},{"FieldId":"From.Mega.AccountOpening.CardRequest-NPR","FieldName":"Card Request - NPR","IsMultiValue":false,"Type":"Boolean","DeriveFieldsFormat":"","Components":[],"SetValues":[],"Metadata":[{"Key":"RequiresReference","Value":"true"}]},{"FieldId":"From.Mega.AccountOpening.Service-MobileBanking","FieldName":"Service - Mobile Banking","IsMultiValue":false,"Type":"Boolean","DeriveFieldsFormat":"","Components":[],"SetValues":[],"Metadata":[{"Key":"RequiresReference","Value":"true"}]},{"FieldId":"From.Mega.AccountOpening.Service-EBanking","FieldName":"Service - E Banking","IsMultiValue":false,"Type":"Boolean","DeriveFieldsFormat":"","Components":[],"SetValues":[],"Metadata":[{"Key":"RequiresReference","Value":"true"}]},{"FieldId":"From.Mega.AccountOpening.MobileBanking-MobileNo","FieldName":"Mobile Banking - Mobile No.","IsMultiValue":false,"Type":"Number","DeriveFieldsFormat":"","Components":[],"SetValues":[],"Metadata":[{"Key":"RequiresReference","Value":"true"}]},{"FieldId":"From.Mega.AccountOpening.MobileBanking-Email","FieldName":"Mobile Banking - Email","IsMultiValue":false,"Type":"Text","DeriveFieldsFormat":"","Components":[],"SetValues":[],"Metadata":[{"Key":"RequiresReference","Value":"true"}]},{"FieldId":"From.Mega.AccountOpening.AccountInfo","FieldName":"Account Info","IsMultiValue":false,"Type":"Boolean","DeriveFieldsFormat":"","Components":[],"SetValues":[],"Metadata":[{"Key":"RequiresReference","Value":"true"}]},{"FieldId":"From.Mega.AccountOpening.FundTransfer","FieldName":"Fund Transfer","IsMultiValue":false,"Type":"Boolean","DeriveFieldsFormat":"","Components":[],"SetValues":[],"Metadata":[{"Key":"RequiresReference","Value":"true"}]},{"FieldId":"From.Mega.AccountOpening.ChequeBook","FieldName":"Cheque Book","IsMultiValue":false,"Type":"Boolean","DeriveFieldsFormat":"","Components":[],"SetValues":[],"Metadata":[{"Key":"RequiresReference","Value":"true"}]},{"FieldId":"From.Mega.AccountOpening.Alert","FieldName":"Alert","IsMultiValue":false,"Type":"Boolean","DeriveFieldsFormat":"","Components":[],"SetValues":[],"Metadata":[{"Key":"RequiresReference","Value":"true"}]}]}],"Groups":[{"Name":"From","Categories":["KYC"]}],"SupportedLanguages":[{"Name":"Undetermined Language","Code":"und"},{"Name":"Bulgarian","Code":"bul"},{"Name":"Cantonese","Code":"yue"},{"Name":"Danish","Code":"dan"},{"Name":"Dutch","Code":"nld"},{"Name":"English","Code":"eng"},{"Name":"French","Code":"fra"},{"Name":"Georgian","Code":"kat"},{"Name":"German","Code":"deu"},{"Name":"Greek","Code":"ell"},{"Name":"Hebrew","Code":"heb"},{"Name":"Hindi","Code":"hin"},{"Name":"Italian","Code":"ita"},{"Name":"Japanese","Code":"jpn"},{"Name":"Korean","Code":"kor"},{"Name":"Macedonian","Code":"mkd"},{"Name":"Mandarin","Code":"zho"},{"Name":"Marathi","Code":"mar"},{"Name":"Norwegian","Code":"nor"},{"Name":"Polish","Code":"pol"},{"Name":"Portuguese","Code":"por"},{"Name":"Romanian","Code":"ron"},{"Name":"Russian","Code":"rus"},{"Name":"Serbian","Code":"srp"},{"Name":"Spanish","Code":"spa"},{"Name":"Swedish","Code":"swe"},{"Name":"Telugu","Code":"tel"}]}